timeStamp,elapsed,label,responseCode,responseMessage,threadName,dataType,success,failureMessage,bytes,sentBytes,grpThreads,allThreads,URL,Latency,IdleTime,Connect
1744890649036,26,GET All Cars,200,,Scenario 1 - Get All Cars 1-1,text,true,,174,178,1,1,http://localhost:8080/cars,23,0,10
1744890649061,1,GET All Cars,200,,Scenario 1 - Get All Cars 1-1,text,true,,174,178,1,1,http://localhost:8080/cars,1,0,0
1744890649062,1,GET All Cars,200,,Scenario 1 - Get All Cars 1-1,text,true,,174,178,1,1,http://localhost:8080/cars,1,0,0
1744890649063,0,GET All Cars,200,,Scenario 1 - Get All Cars 1-1,text,true,,174,178,1,1,http://localhost:8080/cars,0,0,0
1744890649064,1,GET All Cars,200,,Scenario 1 - Get All Cars 1-1,text,true,,174,178,1,1,http://localhost:8080/cars,1,0,0
1744890649088,1,GET All Cars,200,,Scenario 1 - Get All Cars 1-2,text,true,,174,178,1,1,http://localhost:8080/cars,1,0,0
1744890649089,1,GET All Cars,200,,Scenario 1 - Get All Cars 1-2,text,true,,174,178,1,1,http://localhost:8080/cars,1,0,0
1744890649090,0,GET All Cars,200,,Scenario 1 - Get All Cars 1-2,text,true,,174,178,1,1,http://localhost:8080/cars,0,0,0
1744890649091,0,GET All Cars,200,,Scenario 1 - Get All Cars 1-2,text,true,,174,178,1,1,http://localhost:8080/cars,0,0,0
1744890649092,1,GET All Cars,200,,Scenario 1 - Get All Cars 1-2,text,true,,174,178,1,1,http://localhost:8080/cars,1,0,0
1744890649183,7,GET All Cars,200,,Scenario 1 - Get All Cars 1-3,text,true,,174,178,1,1,http://localhost:8080/cars,7,0,1
1744890649197,23,GET All Cars,200,,Scenario 1 - Get All Cars 1-3,text,true,,174,178,1,2,http://localhost:8080/cars,23,0,0
1744890649220,42,GET All Cars,200,,Scenario 1 - Get All Cars 1-3,text,true,,174,178,1,3,http://localhost:8080/cars,42,0,0
1744890649262,2,GET All Cars,200,,Scenario 1 - Get All Cars 1-3,text,true,,174,178,1,1,http://localhost:8080/cars,1,0,0
1744890649264,1,GET All Cars,200,,Scenario 1 - Get All Cars 1-3,text,true,,174,178,1,1,http://localhost:8080/cars,1,0,0
1744890649289,2,GET All Cars,200,,Scenario 1 - Get All Cars 1-4,text,true,,174,178,1,1,http://localhost:8080/cars,1,0,0
1744890649291,1,GET All Cars,200,,Scenario 1 - Get All Cars 1-4,text,true,,174,178,1,1,http://localhost:8080/cars,1,0,0
1744890649294,1,GET All Cars,200,,Scenario 1 - Get All Cars 1-4,text,true,,174,178,1,1,http://localhost:8080/cars,1,0,0
1744890649296,3,GET All Cars,200,,Scenario 1 - Get All Cars 1-4,text,true,,174,178,1,1,http://localhost:8080/cars,3,0,0
1744890649300,1,GET All Cars,200,,Scenario 1 - Get All Cars 1-4,text,true,,174,178,1,1,http://localhost:8080/cars,1,0,0
1744890649387,1,GET All Cars,200,,Scenario 1 - Get All Cars 1-5,text,true,,174,178,1,1,http://localhost:8080/cars,1,0,0
1744890649388,1,GET All Cars,200,,Scenario 1 - Get All Cars 1-5,text,true,,174,178,1,1,http://localhost:8080/cars,1,0,0
1744890649389,1,GET All Cars,200,,Scenario 1 - Get All Cars 1-5,text,true,,174,178,1,1,http://localhost:8080/cars,1,0,0
1744890649390,1,GET All Cars,200,,Scenario 1 - Get All Cars 1-5,text,true,,174,178,1,1,http://localhost:8080/cars,1,0,0
1744890649391,1,GET All Cars,200,,Scenario 1 - Get All Cars 1-5,text,true,,174,178,1,1,http://localhost:8080/cars,0,0,0
1744890649483,3,GET All Cars,200,,Scenario 1 - Get All Cars 1-6,text,true,,174,178,1,1,http://localhost:8080/cars,3,0,1
1744890649486,2,GET All Cars,200,,Scenario 1 - Get All Cars 1-6,text,true,,174,178,1,1,http://localhost:8080/cars,2,0,0
1744890649489,2,GET All Cars,200,,Scenario 1 - Get All Cars 1-6,text,true,,174,178,1,1,http://localhost:8080/cars,2,0,0
1744890649491,2,GET All Cars,200,,Scenario 1 - Get All Cars 1-6,text,true,,174,178,1,1,http://localhost:8080/cars,2,0,0
1744890649493,1,GET All Cars,200,,Scenario 1 - Get All Cars 1-6,text,true,,174,178,1,1,http://localhost:8080/cars,1,0,0
1744890649587,1,GET All Cars,200,,Scenario 1 - Get All Cars 1-7,text,true,,174,178,1,1,http://localhost:8080/cars,1,0,0
1744890649588,1,GET All Cars,200,,Scenario 1 - Get All Cars 1-7,text,true,,174,178,1,1,http://localhost:8080/cars,1,0,0
1744890649589,1,GET All Cars,200,,Scenario 1 - Get All Cars 1-7,text,true,,174,178,1,1,http://localhost:8080/cars,1,0,0
1744890649590,1,GET All Cars,200,,Scenario 1 - Get All Cars 1-7,text,true,,174,178,1,1,http://localhost:8080/cars,1,0,0
1744890649591,1,GET All Cars,200,,Scenario 1 - Get All Cars 1-7,text,true,,174,178,1,1,http://localhost:8080/cars,1,0,0
1744890649687,1,GET All Cars,200,,Scenario 1 - Get All Cars 1-8,text,true,,174,178,1,1,http://localhost:8080/cars,1,0,0
1744890649689,1,GET All Cars,200,,Scenario 1 - Get All Cars 1-8,text,true,,174,178,1,1,http://localhost:8080/cars,1,0,0
1744890649690,1,GET All Cars,200,,Scenario 1 - Get All Cars 1-8,text,true,,174,178,1,1,http://localhost:8080/cars,1,0,0
1744890649691,1,GET All Cars,200,,Scenario 1 - Get All Cars 1-8,text,true,,174,178,1,1,http://localhost:8080/cars,1,0,0
1744890649692,1,GET All Cars,200,,Scenario 1 - Get All Cars 1-8,text,true,,174,178,1,1,http://localhost:8080/cars,1,0,0
1744890649787,2,GET All Cars,200,,Scenario 1 - Get All Cars 1-9,text,true,,174,178,1,1,http://localhost:8080/cars,2,0,1
1744890649789,1,GET All Cars,200,,Scenario 1 - Get All Cars 1-9,text,true,,174,178,1,1,http://localhost:8080/cars,1,0,0
1744890649790,1,GET All Cars,200,,Scenario 1 - Get All Cars 1-9,text,true,,174,178,1,1,http://localhost:8080/cars,1,0,0
1744890649791,1,GET All Cars,200,,Scenario 1 - Get All Cars 1-9,text,true,,174,178,1,1,http://localhost:8080/cars,1,0,0
1744890649792,1,GET All Cars,200,,Scenario 1 - Get All Cars 1-9,text,true,,174,178,1,1,http://localhost:8080/cars,1,0,0
1744890649886,4,GET All Cars,200,,Scenario 1 - Get All Cars 1-10,text,true,,174,178,1,1,http://localhost:8080/cars,4,0,1
1744890649890,1,GET All Cars,200,,Scenario 1 - Get All Cars 1-10,text,true,,174,178,1,1,http://localhost:8080/cars,1,0,0
1744890649892,1,GET All Cars,200,,Scenario 1 - Get All Cars 1-10,text,true,,174,178,1,1,http://localhost:8080/cars,1,0,0
1744890649893,1,GET All Cars,200,,Scenario 1 - Get All Cars 1-10,text,true,,174,178,1,1,http://localhost:8080/cars,1,0,0
1744890649895,1,GET All Cars,200,,Scenario 1 - Get All Cars 1-10,text,true,,174,178,1,1,http://localhost:8080/cars,1,0,0
1744890649988,2,GET All Cars,200,,Scenario 1 - Get All Cars 1-11,text,true,,174,178,1,1,http://localhost:8080/cars,2,0,1
1744890649991,1,GET All Cars,200,,Scenario 1 - Get All Cars 1-11,text,true,,174,178,1,1,http://localhost:8080/cars,1,0,0
1744890649992,2,GET All Cars,200,,Scenario 1 - Get All Cars 1-11,text,true,,174,178,1,1,http://localhost:8080/cars,1,0,0
1744890649994,1,GET All Cars,200,,Scenario 1 - Get All Cars 1-11,text,true,,174,178,1,1,http://localhost:8080/cars,1,0,0
1744890649995,1,GET All Cars,200,,Scenario 1 - Get All Cars 1-11,text,true,,174,178,1,1,http://localhost:8080/cars,1,0,0
1744890650088,4,GET All Cars,200,,Scenario 1 - Get All Cars 1-12,text,true,,174,178,1,1,http://localhost:8080/cars,4,0,2
1744890650093,2,GET All Cars,200,,Scenario 1 - Get All Cars 1-12,text,true,,174,178,1,1,http://localhost:8080/cars,2,0,0
1744890650096,1,GET All Cars,200,,Scenario 1 - Get All Cars 1-12,text,true,,174,178,1,1,http://localhost:8080/cars,1,0,0
1744890650097,1,GET All Cars,200,,Scenario 1 - Get All Cars 1-12,text,true,,174,178,1,1,http://localhost:8080/cars,1,0,0
1744890650099,2,GET All Cars,200,,Scenario 1 - Get All Cars 1-12,text,true,,174,178,1,1,http://localhost:8080/cars,1,0,0
1744890650187,4,GET All Cars,200,,Scenario 1 - Get All Cars 1-13,text,true,,174,178,1,1,http://localhost:8080/cars,4,0,0
1744890650192,2,GET All Cars,200,,Scenario 1 - Get All Cars 1-13,text,true,,174,178,1,1,http://localhost:8080/cars,2,0,0
1744890650194,1,GET All Cars,200,,Scenario 1 - Get All Cars 1-13,text,true,,174,178,1,1,http://localhost:8080/cars,1,0,0
1744890650196,0,GET All Cars,200,,Scenario 1 - Get All Cars 1-13,text,true,,174,178,1,1,http://localhost:8080/cars,0,0,0
1744890650197,0,GET All Cars,200,,Scenario 1 - Get All Cars 1-13,text,true,,174,178,1,1,http://localhost:8080/cars,0,0,0
1744890650286,2,GET All Cars,200,,Scenario 1 - Get All Cars 1-14,text,true,,174,178,1,1,http://localhost:8080/cars,1,0,1
1744890650288,1,GET All Cars,200,,Scenario 1 - Get All Cars 1-14,text,true,,174,178,1,1,http://localhost:8080/cars,1,0,0
1744890650289,0,GET All Cars,200,,Scenario 1 - Get All Cars 1-14,text,true,,174,178,1,1,http://localhost:8080/cars,0,0,0
1744890650290,0,GET All Cars,200,,Scenario 1 - Get All Cars 1-14,text,true,,174,178,1,1,http://localhost:8080/cars,0,0,0
1744890650290,1,GET All Cars,200,,Scenario 1 - Get All Cars 1-14,text,true,,174,178,1,1,http://localhost:8080/cars,1,0,0
1744890650387,2,GET All Cars,200,,Scenario 1 - Get All Cars 1-15,text,true,,174,178,1,1,http://localhost:8080/cars,2,0,1
1744890650389,1,GET All Cars,200,,Scenario 1 - Get All Cars 1-15,text,true,,174,178,1,1,http://localhost:8080/cars,1,0,0
1744890650390,1,GET All Cars,200,,Scenario 1 - Get All Cars 1-15,text,true,,174,178,1,1,http://localhost:8080/cars,1,0,0
1744890650391,2,GET All Cars,200,,Scenario 1 - Get All Cars 1-15,text,true,,174,178,1,1,http://localhost:8080/cars,2,0,0
1744890650393,1,GET All Cars,200,,Scenario 1 - Get All Cars 1-15,text,true,,174,178,1,1,http://localhost:8080/cars,1,0,0
1744890650488,3,GET All Cars,200,,Scenario 1 - Get All Cars 1-16,text,true,,174,178,1,1,http://localhost:8080/cars,3,0,0
1744890650492,1,GET All Cars,200,,Scenario 1 - Get All Cars 1-16,text,true,,174,178,1,1,http://localhost:8080/cars,1,0,0
1744890650493,20,GET All Cars,200,,Scenario 1 - Get All Cars 1-16,text,true,,174,178,1,1,http://localhost:8080/cars,1,0,0
1744890650513,2,GET All Cars,200,,Scenario 1 - Get All Cars 1-16,text,true,,174,178,1,1,http://localhost:8080/cars,2,0,0
1744890650515,1,GET All Cars,200,,Scenario 1 - Get All Cars 1-16,text,true,,174,178,1,1,http://localhost:8080/cars,0,0,0
1744890650587,3,GET All Cars,200,,Scenario 1 - Get All Cars 1-17,text,true,,174,178,1,1,http://localhost:8080/cars,3,0,0
1744890650591,1,GET All Cars,200,,Scenario 1 - Get All Cars 1-17,text,true,,174,178,1,1,http://localhost:8080/cars,1,0,0
1744890650592,1,GET All Cars,200,,Scenario 1 - Get All Cars 1-17,text,true,,174,178,1,1,http://localhost:8080/cars,1,0,0
1744890650593,1,GET All Cars,200,,Scenario 1 - Get All Cars 1-17,text,true,,174,178,1,1,http://localhost:8080/cars,1,0,0
1744890650595,1,GET All Cars,200,,Scenario 1 - Get All Cars 1-17,text,true,,174,178,1,1,http://localhost:8080/cars,1,0,0
1744890650684,2,GET All Cars,200,,Scenario 1 - Get All Cars 1-18,text,true,,174,178,1,1,http://localhost:8080/cars,2,0,1
1744890650687,1,GET All Cars,200,,Scenario 1 - Get All Cars 1-18,text,true,,174,178,1,1,http://localhost:8080/cars,1,0,0
1744890650688,1,GET All Cars,200,,Scenario 1 - Get All Cars 1-18,text,true,,174,178,1,1,http://localhost:8080/cars,1,0,0
1744890650689,2,GET All Cars,200,,Scenario 1 - Get All Cars 1-18,text,true,,174,178,1,1,http://localhost:8080/cars,2,0,0
1744890650691,1,GET All Cars,200,,Scenario 1 - Get All Cars 1-18,text,true,,174,178,1,1,http://localhost:8080/cars,1,0,0
1744890650786,2,GET All Cars,200,,Scenario 1 - Get All Cars 1-19,text,true,,174,178,1,1,http://localhost:8080/cars,2,0,1
1744890650789,1,GET All Cars,200,,Scenario 1 - Get All Cars 1-19,text,true,,174,178,1,1,http://localhost:8080/cars,1,0,0
1744890650790,1,GET All Cars,200,,Scenario 1 - Get All Cars 1-19,text,true,,174,178,1,1,http://localhost:8080/cars,1,0,0
1744890650791,0,GET All Cars,200,,Scenario 1 - Get All Cars 1-19,text,true,,174,178,1,1,http://localhost:8080/cars,0,0,0
1744890650792,0,GET All Cars,200,,Scenario 1 - Get All Cars 1-19,text,true,,174,178,1,1,http://localhost:8080/cars,0,0,0
1744890650887,3,GET All Cars,200,,Scenario 1 - Get All Cars 1-20,text,true,,174,178,1,1,http://localhost:8080/cars,3,0,1
1744890650890,1,GET All Cars,200,,Scenario 1 - Get All Cars 1-20,text,true,,174,178,1,1,http://localhost:8080/cars,1,0,0
1744890650892,0,GET All Cars,200,,Scenario 1 - Get All Cars 1-20,text,true,,174,178,1,1,http://localhost:8080/cars,0,0,0
1744890650893,0,GET All Cars,200,,Scenario 1 - Get All Cars 1-20,text,true,,174,178,1,1,http://localhost:8080/cars,0,0,0
1744890650894,0,GET All Cars,200,,Scenario 1 - Get All Cars 1-20,text,true,,174,178,1,1,http://localhost:8080/cars,0,0,0
1744890650987,3,GET All Cars,200,,Scenario 1 - Get All Cars 1-21,text,true,,174,178,1,1,http://localhost:8080/cars,3,0,1
1744890650990,2,GET All Cars,200,,Scenario 1 - Get All Cars 1-21,text,true,,174,178,1,1,http://localhost:8080/cars,2,0,0
1744890650992,2,GET All Cars,200,,Scenario 1 - Get All Cars 1-21,text,true,,174,178,1,1,http://localhost:8080/cars,2,0,0
1744890650994,1,GET All Cars,200,,Scenario 1 - Get All Cars 1-21,text,true,,174,178,1,1,http://localhost:8080/cars,1,0,0
1744890650995,1,GET All Cars,200,,Scenario 1 - Get All Cars 1-21,text,true,,174,178,1,1,http://localhost:8080/cars,1,0,0
1744890651086,2,GET All Cars,200,,Scenario 1 - Get All Cars 1-22,text,true,,174,178,1,1,http://localhost:8080/cars,2,0,1
1744890651088,1,GET All Cars,200,,Scenario 1 - Get All Cars 1-22,text,true,,174,178,1,1,http://localhost:8080/cars,1,0,0
1744890651089,0,GET All Cars,200,,Scenario 1 - Get All Cars 1-22,text,true,,174,178,1,1,http://localhost:8080/cars,0,0,0
1744890651090,0,GET All Cars,200,,Scenario 1 - Get All Cars 1-22,text,true,,174,178,1,1,http://localhost:8080/cars,0,0,0
1744890651090,1,GET All Cars,200,,Scenario 1 - Get All Cars 1-22,text,true,,174,178,1,1,http://localhost:8080/cars,1,0,0
1744890651186,4,GET All Cars,200,,Scenario 1 - Get All Cars 1-23,text,true,,174,178,1,1,http://localhost:8080/cars,4,0,1
1744890651190,1,GET All Cars,200,,Scenario 1 - Get All Cars 1-23,text,true,,174,178,1,1,http://localhost:8080/cars,1,0,0
1744890651191,1,GET All Cars,200,,Scenario 1 - Get All Cars 1-23,text,true,,174,178,1,1,http://localhost:8080/cars,1,0,0
1744890651192,0,GET All Cars,200,,Scenario 1 - Get All Cars 1-23,text,true,,174,178,1,1,http://localhost:8080/cars,0,0,0
1744890651193,0,GET All Cars,200,,Scenario 1 - Get All Cars 1-23,text,true,,174,178,1,1,http://localhost:8080/cars,0,0,0
1744890651286,2,GET All Cars,200,,Scenario 1 - Get All Cars 1-24,text,true,,174,178,1,1,http://localhost:8080/cars,1,0,1
1744890651288,0,GET All Cars,200,,Scenario 1 - Get All Cars 1-24,text,true,,174,178,1,1,http://localhost:8080/cars,0,0,0
1744890651288,1,GET All Cars,200,,Scenario 1 - Get All Cars 1-24,text,true,,174,178,1,1,http://localhost:8080/cars,1,0,0
1744890651289,0,GET All Cars,200,,Scenario 1 - Get All Cars 1-24,text,true,,174,178,1,1,http://localhost:8080/cars,0,0,0
1744890651290,1,GET All Cars,200,,Scenario 1 - Get All Cars 1-24,text,true,,174,178,1,1,http://localhost:8080/cars,1,0,0
1744890651387,3,GET All Cars,200,,Scenario 1 - Get All Cars 1-25,text,true,,174,178,1,1,http://localhost:8080/cars,3,0,1
1744890651390,1,GET All Cars,200,,Scenario 1 - Get All Cars 1-25,text,true,,174,178,1,1,http://localhost:8080/cars,1,0,0
1744890651391,1,GET All Cars,200,,Scenario 1 - Get All Cars 1-25,text,true,,174,178,1,1,http://localhost:8080/cars,1,0,0
1744890651392,1,GET All Cars,200,,Scenario 1 - Get All Cars 1-25,text,true,,174,178,1,1,http://localhost:8080/cars,1,0,0
1744890651393,1,GET All Cars,200,,Scenario 1 - Get All Cars 1-25,text,true,,174,178,1,1,http://localhost:8080/cars,1,0,0
1744890651487,3,GET All Cars,200,,Scenario 1 - Get All Cars 1-26,text,true,,174,178,1,1,http://localhost:8080/cars,2,0,1
1744890651490,2,GET All Cars,200,,Scenario 1 - Get All Cars 1-26,text,true,,174,178,1,1,http://localhost:8080/cars,1,0,0
1744890651492,2,GET All Cars,200,,Scenario 1 - Get All Cars 1-26,text,true,,174,178,1,1,http://localhost:8080/cars,1,0,0
1744890651494,1,GET All Cars,200,,Scenario 1 - Get All Cars 1-26,text,true,,174,178,1,1,http://localhost:8080/cars,1,0,0
1744890651495,1,GET All Cars,200,,Scenario 1 - Get All Cars 1-26,text,true,,174,178,1,1,http://localhost:8080/cars,1,0,0
1744890651588,2,GET All Cars,200,,Scenario 1 - Get All Cars 1-27,text,true,,174,178,1,1,http://localhost:8080/cars,2,0,1
1744890651590,1,GET All Cars,200,,Scenario 1 - Get All Cars 1-27,text,true,,174,178,1,1,http://localhost:8080/cars,1,0,0
1744890651591,0,GET All Cars,200,,Scenario 1 - Get All Cars 1-27,text,true,,174,178,1,1,http://localhost:8080/cars,0,0,0
1744890651592,1,GET All Cars,200,,Scenario 1 - Get All Cars 1-27,text,true,,174,178,1,1,http://localhost:8080/cars,1,0,0
1744890651593,1,GET All Cars,200,,Scenario 1 - Get All Cars 1-27,text,true,,174,178,1,1,http://localhost:8080/cars,1,0,0
1744890651685,3,GET All Cars,200,,Scenario 1 - Get All Cars 1-28,text,true,,174,178,1,1,http://localhost:8080/cars,3,0,1
1744890651688,1,GET All Cars,200,,Scenario 1 - Get All Cars 1-28,text,true,,174,178,1,1,http://localhost:8080/cars,1,0,0
1744890651689,0,GET All Cars,200,,Scenario 1 - Get All Cars 1-28,text,true,,174,178,1,1,http://localhost:8080/cars,0,0,0
1744890651690,1,GET All Cars,200,,Scenario 1 - Get All Cars 1-28,text,true,,174,178,1,1,http://localhost:8080/cars,1,0,0
1744890651691,0,GET All Cars,200,,Scenario 1 - Get All Cars 1-28,text,true,,174,178,1,1,http://localhost:8080/cars,0,0,0
1744890651786,1,GET All Cars,200,,Scenario 1 - Get All Cars 1-29,text,true,,174,178,1,1,http://localhost:8080/cars,1,0,1
1744890651788,0,GET All Cars,200,,Scenario 1 - Get All Cars 1-29,text,true,,174,178,1,1,http://localhost:8080/cars,0,0,0
1744890651788,0,GET All Cars,200,,Scenario 1 - Get All Cars 1-29,text,true,,174,178,1,1,http://localhost:8080/cars,0,0,0
1744890651789,0,GET All Cars,200,,Scenario 1 - Get All Cars 1-29,text,true,,174,178,1,1,http://localhost:8080/cars,0,0,0
1744890651789,0,GET All Cars,200,,Scenario 1 - Get All Cars 1-29,text,true,,174,178,1,1,http://localhost:8080/cars,0,0,0
1744890651886,2,GET All Cars,200,,Scenario 1 - Get All Cars 1-30,text,true,,174,178,1,1,http://localhost:8080/cars,2,0,1
1744890651888,2,GET All Cars,200,,Scenario 1 - Get All Cars 1-30,text,true,,174,178,1,1,http://localhost:8080/cars,1,0,0
1744890651890,0,GET All Cars,200,,Scenario 1 - Get All Cars 1-30,text,true,,174,178,1,1,http://localhost:8080/cars,0,0,0
1744890651890,1,GET All Cars,200,,Scenario 1 - Get All Cars 1-30,text,true,,174,178,1,1,http://localhost:8080/cars,1,0,0
1744890651891,1,GET All Cars,200,,Scenario 1 - Get All Cars 1-30,text,true,,174,178,1,1,http://localhost:8080/cars,1,0,0
1744890651987,3,GET All Cars,200,,Scenario 1 - Get All Cars 1-31,text,true,,174,178,1,1,http://localhost:8080/cars,3,0,2
1744890651990,2,GET All Cars,200,,Scenario 1 - Get All Cars 1-31,text,true,,174,178,1,1,http://localhost:8080/cars,2,0,0
1744890651992,1,GET All Cars,200,,Scenario 1 - Get All Cars 1-31,text,true,,174,178,1,1,http://localhost:8080/cars,1,0,0
1744890651993,1,GET All Cars,200,,Scenario 1 - Get All Cars 1-31,text,true,,174,178,1,1,http://localhost:8080/cars,1,0,0
1744890651994,1,GET All Cars,200,,Scenario 1 - Get All Cars 1-31,text,true,,174,178,1,1,http://localhost:8080/cars,1,0,0
1744890652088,2,GET All Cars,200,,Scenario 1 - Get All Cars 1-32,text,true,,174,178,1,1,http://localhost:8080/cars,2,0,0
1744890652090,2,GET All Cars,200,,Scenario 1 - Get All Cars 1-32,text,true,,174,178,1,1,http://localhost:8080/cars,2,0,0
1744890652092,1,GET All Cars,200,,Scenario 1 - Get All Cars 1-32,text,true,,174,178,1,1,http://localhost:8080/cars,1,0,0
1744890652093,0,GET All Cars,200,,Scenario 1 - Get All Cars 1-32,text,true,,174,178,1,1,http://localhost:8080/cars,0,0,0
1744890652094,1,GET All Cars,200,,Scenario 1 - Get All Cars 1-32,text,true,,174,178,1,1,http://localhost:8080/cars,1,0,0
1744890652189,6,GET All Cars,200,,Scenario 1 - Get All Cars 1-33,text,true,,174,178,1,1,http://localhost:8080/cars,6,0,3
1744890652195,1,GET All Cars,200,,Scenario 1 - Get All Cars 1-33,text,true,,174,178,1,1,http://localhost:8080/cars,1,0,0
1744890652196,2,GET All Cars,200,,Scenario 1 - Get All Cars 1-33,text,true,,174,178,1,1,http://localhost:8080/cars,2,0,0
1744890652198,1,GET All Cars,200,,Scenario 1 - Get All Cars 1-33,text,true,,174,178,1,1,http://localhost:8080/cars,1,0,0
1744890652200,1,GET All Cars,200,,Scenario 1 - Get All Cars 1-33,text,true,,174,178,1,1,http://localhost:8080/cars,1,0,0
1744890652289,3,GET All Cars,200,,Scenario 1 - Get All Cars 1-34,text,true,,174,178,1,1,http://localhost:8080/cars,3,0,2
1744890652293,1,GET All Cars,200,,Scenario 1 - Get All Cars 1-34,text,true,,174,178,1,1,http://localhost:8080/cars,1,0,0
1744890652294,1,GET All Cars,200,,Scenario 1 - Get All Cars 1-34,text,true,,174,178,1,1,http://localhost:8080/cars,1,0,0
1744890652295,1,GET All Cars,200,,Scenario 1 - Get All Cars 1-34,text,true,,174,178,1,1,http://localhost:8080/cars,1,0,0
1744890652296,1,GET All Cars,200,,Scenario 1 - Get All Cars 1-34,text,true,,174,178,1,1,http://localhost:8080/cars,1,0,0
1744890652387,3,GET All Cars,200,,Scenario 1 - Get All Cars 1-35,text,true,,174,178,1,1,http://localhost:8080/cars,2,0,1
1744890652390,1,GET All Cars,200,,Scenario 1 - Get All Cars 1-35,text,true,,174,178,1,1,http://localhost:8080/cars,1,0,0
1744890652391,2,GET All Cars,200,,Scenario 1 - Get All Cars 1-35,text,true,,174,178,1,1,http://localhost:8080/cars,2,0,0
1744890652393,1,GET All Cars,200,,Scenario 1 - Get All Cars 1-35,text,true,,174,178,1,1,http://localhost:8080/cars,1,0,0
1744890652394,1,GET All Cars,200,,Scenario 1 - Get All Cars 1-35,text,true,,174,178,1,1,http://localhost:8080/cars,1,0,0
1744890652483,3,GET All Cars,200,,Scenario 1 - Get All Cars 1-36,text,true,,174,178,1,1,http://localhost:8080/cars,3,0,1
1744890652487,0,GET All Cars,200,,Scenario 1 - Get All Cars 1-36,text,true,,174,178,1,1,http://localhost:8080/cars,0,0,0
1744890652487,1,GET All Cars,200,,Scenario 1 - Get All Cars 1-36,text,true,,174,178,1,1,http://localhost:8080/cars,1,0,0
1744890652488,1,GET All Cars,200,,Scenario 1 - Get All Cars 1-36,text,true,,174,178,1,1,http://localhost:8080/cars,1,0,0
1744890652489,1,GET All Cars,200,,Scenario 1 - Get All Cars 1-36,text,true,,174,178,1,1,http://localhost:8080/cars,1,0,0
1744890652587,2,GET All Cars,200,,Scenario 1 - Get All Cars 1-37,text,true,,174,178,1,1,http://localhost:8080/cars,2,0,1
1744890652589,2,GET All Cars,200,,Scenario 1 - Get All Cars 1-37,text,true,,174,178,1,1,http://localhost:8080/cars,2,0,0
1744890652591,1,GET All Cars,200,,Scenario 1 - Get All Cars 1-37,text,true,,174,178,1,1,http://localhost:8080/cars,1,0,0
1744890652592,1,GET All Cars,200,,Scenario 1 - Get All Cars 1-37,text,true,,174,178,1,1,http://localhost:8080/cars,1,0,0
1744890652594,2,GET All Cars,200,,Scenario 1 - Get All Cars 1-37,text,true,,174,178,1,1,http://localhost:8080/cars,1,0,0
1744890652686,1,GET All Cars,200,,Scenario 1 - Get All Cars 1-38,text,true,,174,178,1,1,http://localhost:8080/cars,1,0,1
1744890652687,1,GET All Cars,200,,Scenario 1 - Get All Cars 1-38,text,true,,174,178,1,1,http://localhost:8080/cars,1,0,0
1744890652688,1,GET All Cars,200,,Scenario 1 - Get All Cars 1-38,text,true,,174,178,1,1,http://localhost:8080/cars,1,0,0
1744890652689,0,GET All Cars,200,,Scenario 1 - Get All Cars 1-38,text,true,,174,178,1,1,http://localhost:8080/cars,0,0,0
1744890652689,1,GET All Cars,200,,Scenario 1 - Get All Cars 1-38,text,true,,174,178,1,1,http://localhost:8080/cars,1,0,0
1744890652786,1,GET All Cars,200,,Scenario 1 - Get All Cars 1-39,text,true,,174,178,1,1,http://localhost:8080/cars,1,0,0
1744890652787,1,GET All Cars,200,,Scenario 1 - Get All Cars 1-39,text,true,,174,178,1,1,http://localhost:8080/cars,1,0,0
1744890652788,1,GET All Cars,200,,Scenario 1 - Get All Cars 1-39,text,true,,174,178,1,1,http://localhost:8080/cars,0,0,0
1744890652789,0,GET All Cars,200,,Scenario 1 - Get All Cars 1-39,text,true,,174,178,1,1,http://localhost:8080/cars,0,0,0
1744890652789,0,GET All Cars,200,,Scenario 1 - Get All Cars 1-39,text,true,,174,178,1,1,http://localhost:8080/cars,0,0,0
1744890652887,1,GET All Cars,200,,Scenario 1 - Get All Cars 1-40,text,true,,174,178,1,1,http://localhost:8080/cars,1,0,0
1744890652889,0,GET All Cars,200,,Scenario 1 - Get All Cars 1-40,text,true,,174,178,1,1,http://localhost:8080/cars,0,0,0
1744890652890,0,GET All Cars,200,,Scenario 1 - Get All Cars 1-40,text,true,,174,178,1,1,http://localhost:8080/cars,0,0,0
1744890652891,0,GET All Cars,200,,Scenario 1 - Get All Cars 1-40,text,true,,174,178,1,1,http://localhost:8080/cars,0,0,0
1744890652891,1,GET All Cars,200,,Scenario 1 - Get All Cars 1-40,text,true,,174,178,1,1,http://localhost:8080/cars,1,0,0
1744890652987,1,GET All Cars,200,,Scenario 1 - Get All Cars 1-41,text,true,,174,178,1,1,http://localhost:8080/cars,1,0,0
1744890652988,1,GET All Cars,200,,Scenario 1 - Get All Cars 1-41,text,true,,174,178,1,1,http://localhost:8080/cars,1,0,0
1744890652989,0,GET All Cars,200,,Scenario 1 - Get All Cars 1-41,text,true,,174,178,1,1,http://localhost:8080/cars,0,0,0
1744890652989,1,GET All Cars,200,,Scenario 1 - Get All Cars 1-41,text,true,,174,178,1,1,http://localhost:8080/cars,1,0,0
1744890652990,1,GET All Cars,200,,Scenario 1 - Get All Cars 1-41,text,true,,174,178,1,1,http://localhost:8080/cars,0,0,0
1744890653084,1,GET All Cars,200,,Scenario 1 - Get All Cars 1-42,text,true,,174,178,1,1,http://localhost:8080/cars,1,0,0
1744890653085,1,GET All Cars,200,,Scenario 1 - Get All Cars 1-42,text,true,,174,178,1,1,http://localhost:8080/cars,1,0,0
1744890653086,0,GET All Cars,200,,Scenario 1 - Get All Cars 1-42,text,true,,174,178,1,1,http://localhost:8080/cars,0,0,0
1744890653086,1,GET All Cars,200,,Scenario 1 - Get All Cars 1-42,text,true,,174,178,1,1,http://localhost:8080/cars,1,0,0
1744890653087,0,GET All Cars,200,,Scenario 1 - Get All Cars 1-42,text,true,,174,178,1,1,http://localhost:8080/cars,0,0,0
1744890653185,1,GET All Cars,200,,Scenario 1 - Get All Cars 1-43,text,true,,174,178,1,1,http://localhost:8080/cars,1,0,1
1744890653187,0,GET All Cars,200,,Scenario 1 - Get All Cars 1-43,text,true,,174,178,1,1,http://localhost:8080/cars,0,0,0
1744890653187,1,GET All Cars,200,,Scenario 1 - Get All Cars 1-43,text,true,,174,178,1,1,http://localhost:8080/cars,1,0,0
1744890653188,2,GET All Cars,200,,Scenario 1 - Get All Cars 1-43,text,true,,174,178,1,1,http://localhost:8080/cars,1,0,0
1744890653190,0,GET All Cars,200,,Scenario 1 - Get All Cars 1-43,text,true,,174,178,1,1,http://localhost:8080/cars,0,0,0
1744890653288,2,GET All Cars,200,,Scenario 1 - Get All Cars 1-44,text,true,,174,178,1,1,http://localhost:8080/cars,2,0,1
1744890653291,1,GET All Cars,200,,Scenario 1 - Get All Cars 1-44,text,true,,174,178,1,1,http://localhost:8080/cars,1,0,0
1744890653292,1,GET All Cars,200,,Scenario 1 - Get All Cars 1-44,text,true,,174,178,1,1,http://localhost:8080/cars,1,0,0
1744890653293,1,GET All Cars,200,,Scenario 1 - Get All Cars 1-44,text,true,,174,178,1,1,http://localhost:8080/cars,1,0,0
1744890653294,2,GET All Cars,200,,Scenario 1 - Get All Cars 1-44,text,true,,174,178,1,1,http://localhost:8080/cars,2,0,0
1744890653387,4,GET All Cars,200,,Scenario 1 - Get All Cars 1-45,text,true,,174,178,1,1,http://localhost:8080/cars,4,0,2
1744890653391,1,GET All Cars,200,,Scenario 1 - Get All Cars 1-45,text,true,,174,178,1,1,http://localhost:8080/cars,1,0,0
1744890653393,1,GET All Cars,200,,Scenario 1 - Get All Cars 1-45,text,true,,174,178,1,1,http://localhost:8080/cars,1,0,0
1744890653394,1,GET All Cars,200,,Scenario 1 - Get All Cars 1-45,text,true,,174,178,1,1,http://localhost:8080/cars,1,0,0
1744890653395,1,GET All Cars,200,,Scenario 1 - Get All Cars 1-45,text,true,,174,178,1,1,http://localhost:8080/cars,1,0,0
1744890653487,2,GET All Cars,200,,Scenario 1 - Get All Cars 1-46,text,true,,174,178,1,1,http://localhost:8080/cars,2,0,1
1744890653490,1,GET All Cars,200,,Scenario 1 - Get All Cars 1-46,text,true,,174,178,1,1,http://localhost:8080/cars,1,0,0
1744890653491,2,GET All Cars,200,,Scenario 1 - Get All Cars 1-46,text,true,,174,178,1,1,http://localhost:8080/cars,2,0,0
1744890653493,1,GET All Cars,200,,Scenario 1 - Get All Cars 1-46,text,true,,174,178,1,1,http://localhost:8080/cars,1,0,0
1744890653494,1,GET All Cars,200,,Scenario 1 - Get All Cars 1-46,text,true,,174,178,1,1,http://localhost:8080/cars,1,0,0
1744890653588,2,GET All Cars,200,,Scenario 1 - Get All Cars 1-47,text,true,,174,178,1,1,http://localhost:8080/cars,2,0,1
1744890653590,1,GET All Cars,200,,Scenario 1 - Get All Cars 1-47,text,true,,174,178,1,1,http://localhost:8080/cars,1,0,0
1744890653591,0,GET All Cars,200,,Scenario 1 - Get All Cars 1-47,text,true,,174,178,1,1,http://localhost:8080/cars,0,0,0
1744890653591,2,GET All Cars,200,,Scenario 1 - Get All Cars 1-47,text,true,,174,178,1,1,http://localhost:8080/cars,2,0,0
1744890653593,1,GET All Cars,200,,Scenario 1 - Get All Cars 1-47,text,true,,174,178,1,1,http://localhost:8080/cars,1,0,0
1744890653688,4,GET All Cars,200,,Scenario 1 - Get All Cars 1-48,text,true,,174,178,1,1,http://localhost:8080/cars,4,0,2
1744890653693,1,GET All Cars,200,,Scenario 1 - Get All Cars 1-48,text,true,,174,178,1,1,http://localhost:8080/cars,1,0,0
1744890653694,1,GET All Cars,200,,Scenario 1 - Get All Cars 1-48,text,true,,174,178,1,1,http://localhost:8080/cars,1,0,0
1744890653695,1,GET All Cars,200,,Scenario 1 - Get All Cars 1-48,text,true,,174,178,1,1,http://localhost:8080/cars,1,0,0
1744890653696,2,GET All Cars,200,,Scenario 1 - Get All Cars 1-48,text,true,,174,178,1,1,http://localhost:8080/cars,2,0,0
1744890653787,3,GET All Cars,200,,Scenario 1 - Get All Cars 1-49,text,true,,174,178,1,1,http://localhost:8080/cars,3,0,1
1744890653790,1,GET All Cars,200,,Scenario 1 - Get All Cars 1-49,text,true,,174,178,1,1,http://localhost:8080/cars,1,0,0
1744890653792,1,GET All Cars,200,,Scenario 1 - Get All Cars 1-49,text,true,,174,178,1,1,http://localhost:8080/cars,1,0,0
1744890653794,0,GET All Cars,200,,Scenario 1 - Get All Cars 1-49,text,true,,174,178,1,1,http://localhost:8080/cars,0,0,0
1744890653795,0,GET All Cars,200,,Scenario 1 - Get All Cars 1-49,text,true,,174,178,1,1,http://localhost:8080/cars,0,0,0
1744890653883,2,GET All Cars,200,,Scenario 1 - Get All Cars 1-50,text,true,,174,178,1,1,http://localhost:8080/cars,2,0,1
1744890653885,2,GET All Cars,200,,Scenario 1 - Get All Cars 1-50,text,true,,174,178,1,1,http://localhost:8080/cars,2,0,0
1744890653887,1,GET All Cars,200,,Scenario 1 - Get All Cars 1-50,text,true,,174,178,1,1,http://localhost:8080/cars,1,0,0
1744890653888,0,GET All Cars,200,,Scenario 1 - Get All Cars 1-50,text,true,,174,178,1,1,http://localhost:8080/cars,0,0,0
1744890653889,1,GET All Cars,200,,Scenario 1 - Get All Cars 1-50,text,true,,174,178,1,1,http://localhost:8080/cars,1,0,0
1744890653986,2,GET All Cars,200,,Scenario 1 - Get All Cars 1-51,text,true,,174,178,1,1,http://localhost:8080/cars,2,0,1
1744890653988,1,GET All Cars,200,,Scenario 1 - Get All Cars 1-51,text,true,,174,178,1,1,http://localhost:8080/cars,1,0,0
1744890653989,0,GET All Cars,200,,Scenario 1 - Get All Cars 1-51,text,true,,174,178,1,1,http://localhost:8080/cars,0,0,0
1744890653989,1,GET All Cars,200,,Scenario 1 - Get All Cars 1-51,text,true,,174,178,1,1,http://localhost:8080/cars,1,0,0
1744890653990,0,GET All Cars,200,,Scenario 1 - Get All Cars 1-51,text,true,,174,178,1,1,http://localhost:8080/cars,0,0,0
1744890654087,1,GET All Cars,200,,Scenario 1 - Get All Cars 1-52,text,true,,174,178,1,1,http://localhost:8080/cars,1,0,0
1744890654089,0,GET All Cars,200,,Scenario 1 - Get All Cars 1-52,text,true,,174,178,1,1,http://localhost:8080/cars,0,0,0
1744890654089,1,GET All Cars,200,,Scenario 1 - Get All Cars 1-52,text,true,,174,178,1,1,http://localhost:8080/cars,1,0,0
1744890654090,1,GET All Cars,200,,Scenario 1 - Get All Cars 1-52,text,true,,174,178,1,1,http://localhost:8080/cars,1,0,0
1744890654091,1,GET All Cars,200,,Scenario 1 - Get All Cars 1-52,text,true,,174,178,1,1,http://localhost:8080/cars,1,0,0
1744890654187,3,GET All Cars,200,,Scenario 1 - Get All Cars 1-53,text,true,,174,178,1,1,http://localhost:8080/cars,3,0,1
1744890654190,1,GET All Cars,200,,Scenario 1 - Get All Cars 1-53,text,true,,174,178,1,1,http://localhost:8080/cars,1,0,0
1744890654192,0,GET All Cars,200,,Scenario 1 - Get All Cars 1-53,text,true,,174,178,1,1,http://localhost:8080/cars,0,0,0
1744890654192,1,GET All Cars,200,,Scenario 1 - Get All Cars 1-53,text,true,,174,178,1,1,http://localhost:8080/cars,1,0,0
1744890654193,1,GET All Cars,200,,Scenario 1 - Get All Cars 1-53,text,true,,174,178,1,1,http://localhost:8080/cars,1,0,0
1744890654289,4,GET All Cars,200,,Scenario 1 - Get All Cars 1-54,text,true,,174,178,1,1,http://localhost:8080/cars,4,0,2
1744890654294,1,GET All Cars,200,,Scenario 1 - Get All Cars 1-54,text,true,,174,178,1,1,http://localhost:8080/cars,1,0,0
1744890654295,3,GET All Cars,200,,Scenario 1 - Get All Cars 1-54,text,true,,174,178,1,1,http://localhost:8080/cars,3,0,0
1744890654299,0,GET All Cars,200,,Scenario 1 - Get All Cars 1-54,text,true,,174,178,1,1,http://localhost:8080/cars,0,0,0
1744890654300,0,GET All Cars,200,,Scenario 1 - Get All Cars 1-54,text,true,,174,178,1,1,http://localhost:8080/cars,0,0,0
1744890654389,3,GET All Cars,200,,Scenario 1 - Get All Cars 1-55,text,true,,174,178,1,1,http://localhost:8080/cars,3,0,2
1744890654393,1,GET All Cars,200,,Scenario 1 - Get All Cars 1-55,text,true,,174,178,1,1,http://localhost:8080/cars,0,0,0
1744890654394,1,GET All Cars,200,,Scenario 1 - Get All Cars 1-55,text,true,,174,178,1,1,http://localhost:8080/cars,1,0,0
1744890654395,1,GET All Cars,200,,Scenario 1 - Get All Cars 1-55,text,true,,174,178,1,1,http://localhost:8080/cars,1,0,0
1744890654396,1,GET All Cars,200,,Scenario 1 - Get All Cars 1-55,text,true,,174,178,1,1,http://localhost:8080/cars,1,0,0
1744890654490,3,GET All Cars,200,,Scenario 1 - Get All Cars 1-56,text,true,,174,178,1,1,http://localhost:8080/cars,3,0,1
1744890654494,1,GET All Cars,200,,Scenario 1 - Get All Cars 1-56,text,true,,174,178,1,1,http://localhost:8080/cars,1,0,0
1744890654495,2,GET All Cars,200,,Scenario 1 - Get All Cars 1-56,text,true,,174,178,1,1,http://localhost:8080/cars,1,0,0
1744890654497,1,GET All Cars,200,,Scenario 1 - Get All Cars 1-56,text,true,,174,178,1,1,http://localhost:8080/cars,1,0,0
1744890654498,1,GET All Cars,200,,Scenario 1 - Get All Cars 1-56,text,true,,174,178,1,1,http://localhost:8080/cars,1,0,0
1744890654589,4,GET All Cars,200,,Scenario 1 - Get All Cars 1-57,text,true,,174,178,1,1,http://localhost:8080/cars,4,0,2
1744890654593,1,GET All Cars,200,,Scenario 1 - Get All Cars 1-57,text,true,,174,178,1,1,http://localhost:8080/cars,1,0,0
1744890654594,1,GET All Cars,200,,Scenario 1 - Get All Cars 1-57,text,true,,174,178,1,1,http://localhost:8080/cars,1,0,0
1744890654595,2,GET All Cars,200,,Scenario 1 - Get All Cars 1-57,text,true,,174,178,1,1,http://localhost:8080/cars,2,0,0
1744890654597,1,GET All Cars,200,,Scenario 1 - Get All Cars 1-57,text,true,,174,178,1,1,http://localhost:8080/cars,1,0,0
1744890654682,2,GET All Cars,200,,Scenario 1 - Get All Cars 1-58,text,true,,174,178,1,1,http://localhost:8080/cars,2,0,1
1744890654684,1,GET All Cars,200,,Scenario 1 - Get All Cars 1-58,text,true,,174,178,1,1,http://localhost:8080/cars,1,0,0
1744890654685,0,GET All Cars,200,,Scenario 1 - Get All Cars 1-58,text,true,,174,178,1,1,http://localhost:8080/cars,0,0,0
1744890654686,0,GET All Cars,200,,Scenario 1 - Get All Cars 1-58,text,true,,174,178,1,1,http://localhost:8080/cars,0,0,0
1744890654686,1,GET All Cars,200,,Scenario 1 - Get All Cars 1-58,text,true,,174,178,1,1,http://localhost:8080/cars,1,0,0
1744890654788,2,GET All Cars,200,,Scenario 1 - Get All Cars 1-59,text,true,,174,178,1,1,http://localhost:8080/cars,2,0,1
1744890654790,1,GET All Cars,200,,Scenario 1 - Get All Cars 1-59,text,true,,174,178,1,1,http://localhost:8080/cars,1,0,0
1744890654791,1,GET All Cars,200,,Scenario 1 - Get All Cars 1-59,text,true,,174,178,1,1,http://localhost:8080/cars,0,0,0
1744890654792,1,GET All Cars,200,,Scenario 1 - Get All Cars 1-59,text,true,,174,178,1,1,http://localhost:8080/cars,1,0,0
1744890654793,1,GET All Cars,200,,Scenario 1 - Get All Cars 1-59,text,true,,174,178,1,1,http://localhost:8080/cars,1,0,0
1744890654884,4,GET All Cars,200,,Scenario 1 - Get All Cars 1-60,text,true,,174,178,1,1,http://localhost:8080/cars,3,0,1
1744890654888,2,GET All Cars,200,,Scenario 1 - Get All Cars 1-60,text,true,,174,178,1,1,http://localhost:8080/cars,1,0,0
1744890654890,1,GET All Cars,200,,Scenario 1 - Get All Cars 1-60,text,true,,174,178,1,1,http://localhost:8080/cars,1,0,0
1744890654891,1,GET All Cars,200,,Scenario 1 - Get All Cars 1-60,text,true,,174,178,1,1,http://localhost:8080/cars,1,0,0
1744890654892,1,GET All Cars,200,,Scenario 1 - Get All Cars 1-60,text,true,,174,178,1,1,http://localhost:8080/cars,1,0,0
1744890654989,4,GET All Cars,200,,Scenario 1 - Get All Cars 1-61,text,true,,174,178,1,1,http://localhost:8080/cars,4,0,2
1744890654994,1,GET All Cars,200,,Scenario 1 - Get All Cars 1-61,text,true,,174,178,1,1,http://localhost:8080/cars,1,0,0
1744890654995,2,GET All Cars,200,,Scenario 1 - Get All Cars 1-61,text,true,,174,178,1,1,http://localhost:8080/cars,2,0,0
1744890654997,1,GET All Cars,200,,Scenario 1 - Get All Cars 1-61,text,true,,174,178,1,1,http://localhost:8080/cars,1,0,0
1744890654999,1,GET All Cars,200,,Scenario 1 - Get All Cars 1-61,text,true,,174,178,1,1,http://localhost:8080/cars,1,0,0
1744890655088,4,GET All Cars,200,,Scenario 1 - Get All Cars 1-62,text,true,,174,178,1,1,http://localhost:8080/cars,4,0,2
1744890655093,1,GET All Cars,200,,Scenario 1 - Get All Cars 1-62,text,true,,174,178,1,1,http://localhost:8080/cars,1,0,0
1744890655094,1,GET All Cars,200,,Scenario 1 - Get All Cars 1-62,text,true,,174,178,1,1,http://localhost:8080/cars,1,0,0
1744890655096,1,GET All Cars,200,,Scenario 1 - Get All Cars 1-62,text,true,,174,178,1,1,http://localhost:8080/cars,1,0,0
1744890655097,1,GET All Cars,200,,Scenario 1 - Get All Cars 1-62,text,true,,174,178,1,1,http://localhost:8080/cars,1,0,0
1744890655188,1,GET All Cars,200,,Scenario 1 - Get All Cars 1-63,text,true,,174,178,1,1,http://localhost:8080/cars,1,0,0
1744890655189,1,GET All Cars,200,,Scenario 1 - Get All Cars 1-63,text,true,,174,178,1,1,http://localhost:8080/cars,1,0,0
1744890655190,0,GET All Cars,200,,Scenario 1 - Get All Cars 1-63,text,true,,174,178,1,1,http://localhost:8080/cars,0,0,0
1744890655191,0,GET All Cars,200,,Scenario 1 - Get All Cars 1-63,text,true,,174,178,1,1,http://localhost:8080/cars,0,0,0
1744890655191,1,GET All Cars,200,,Scenario 1 - Get All Cars 1-63,text,true,,174,178,1,1,http://localhost:8080/cars,1,0,0
1744890655289,3,GET All Cars,200,,Scenario 1 - Get All Cars 1-64,text,true,,174,178,1,1,http://localhost:8080/cars,3,0,1
1744890655293,0,GET All Cars,200,,Scenario 1 - Get All Cars 1-64,text,true,,174,178,1,1,http://localhost:8080/cars,0,0,0
1744890655294,0,GET All Cars,200,,Scenario 1 - Get All Cars 1-64,text,true,,174,178,1,1,http://localhost:8080/cars,0,0,0
1744890655295,0,GET All Cars,200,,Scenario 1 - Get All Cars 1-64,text,true,,174,178,1,1,http://localhost:8080/cars,0,0,0
1744890655295,1,GET All Cars,200,,Scenario 1 - Get All Cars 1-64,text,true,,174,178,1,1,http://localhost:8080/cars,1,0,0
1744890655388,3,GET All Cars,200,,Scenario 1 - Get All Cars 1-65,text,true,,174,178,1,1,http://localhost:8080/cars,3,0,1
1744890655392,1,GET All Cars,200,,Scenario 1 - Get All Cars 1-65,text,true,,174,178,1,1,http://localhost:8080/cars,1,0,0
1744890655393,1,GET All Cars,200,,Scenario 1 - Get All Cars 1-65,text,true,,174,178,1,1,http://localhost:8080/cars,1,0,0
1744890655394,1,GET All Cars,200,,Scenario 1 - Get All Cars 1-65,text,true,,174,178,1,1,http://localhost:8080/cars,1,0,0
1744890655395,0,GET All Cars,200,,Scenario 1 - Get All Cars 1-65,text,true,,174,178,1,1,http://localhost:8080/cars,0,0,0
1744890655488,2,GET All Cars,200,,Scenario 1 - Get All Cars 1-66,text,true,,174,178,1,1,http://localhost:8080/cars,2,0,1
1744890655490,1,GET All Cars,200,,Scenario 1 - Get All Cars 1-66,text,true,,174,178,1,1,http://localhost:8080/cars,1,0,0
1744890655491,2,GET All Cars,200,,Scenario 1 - Get All Cars 1-66,text,true,,174,178,1,1,http://localhost:8080/cars,2,0,0
1744890655493,1,GET All Cars,200,,Scenario 1 - Get All Cars 1-66,text,true,,174,178,1,1,http://localhost:8080/cars,1,0,0
1744890655494,1,GET All Cars,200,,Scenario 1 - Get All Cars 1-66,text,true,,174,178,1,1,http://localhost:8080/cars,1,0,0
1744890655589,4,GET All Cars,200,,Scenario 1 - Get All Cars 1-67,text,true,,174,178,1,1,http://localhost:8080/cars,4,0,1
1744890655594,1,GET All Cars,200,,Scenario 1 - Get All Cars 1-67,text,true,,174,178,1,1,http://localhost:8080/cars,1,0,0
1744890655595,0,GET All Cars,200,,Scenario 1 - Get All Cars 1-67,text,true,,174,178,1,1,http://localhost:8080/cars,0,0,0
1744890655596,0,GET All Cars,200,,Scenario 1 - Get All Cars 1-67,text,true,,174,178,1,1,http://localhost:8080/cars,0,0,0
1744890655596,2,GET All Cars,200,,Scenario 1 - Get All Cars 1-67,text,true,,174,178,1,1,http://localhost:8080/cars,2,0,0
1744890655688,5,GET All Cars,200,,Scenario 1 - Get All Cars 1-68,text,true,,174,178,1,1,http://localhost:8080/cars,5,0,2
1744890655693,2,GET All Cars,200,,Scenario 1 - Get All Cars 1-68,text,true,,174,178,1,1,http://localhost:8080/cars,2,0,0
1744890655695,1,GET All Cars,200,,Scenario 1 - Get All Cars 1-68,text,true,,174,178,1,1,http://localhost:8080/cars,1,0,0
1744890655696,1,GET All Cars,200,,Scenario 1 - Get All Cars 1-68,text,true,,174,178,1,1,http://localhost:8080/cars,1,0,0
1744890655697,1,GET All Cars,200,,Scenario 1 - Get All Cars 1-68,text,true,,174,178,1,1,http://localhost:8080/cars,1,0,0
1744890655788,3,GET All Cars,200,,Scenario 1 - Get All Cars 1-69,text,true,,174,178,1,1,http://localhost:8080/cars,3,0,1
1744890655792,1,GET All Cars,200,,Scenario 1 - Get All Cars 1-69,text,true,,174,178,1,1,http://localhost:8080/cars,1,0,0
1744890655793,2,GET All Cars,200,,Scenario 1 - Get All Cars 1-69,text,true,,174,178,1,1,http://localhost:8080/cars,2,0,0
1744890655795,0,GET All Cars,200,,Scenario 1 - Get All Cars 1-69,text,true,,174,178,1,1,http://localhost:8080/cars,0,0,0
1744890655796,0,GET All Cars,200,,Scenario 1 - Get All Cars 1-69,text,true,,174,178,1,1,http://localhost:8080/cars,0,0,0
1744890655889,3,GET All Cars,200,,Scenario 1 - Get All Cars 1-70,text,true,,174,178,1,1,http://localhost:8080/cars,3,0,1
1744890655892,1,GET All Cars,200,,Scenario 1 - Get All Cars 1-70,text,true,,174,178,1,1,http://localhost:8080/cars,1,0,0
1744890655893,1,GET All Cars,200,,Scenario 1 - Get All Cars 1-70,text,true,,174,178,1,1,http://localhost:8080/cars,1,0,0
1744890655894,0,GET All Cars,200,,Scenario 1 - Get All Cars 1-70,text,true,,174,178,1,1,http://localhost:8080/cars,0,0,0
1744890655895,0,GET All Cars,200,,Scenario 1 - Get All Cars 1-70,text,true,,174,178,1,1,http://localhost:8080/cars,0,0,0
1744890655988,4,GET All Cars,200,,Scenario 1 - Get All Cars 1-71,text,true,,174,178,1,1,http://localhost:8080/cars,4,0,2
1744890655992,2,GET All Cars,200,,Scenario 1 - Get All Cars 1-71,text,true,,174,178,1,1,http://localhost:8080/cars,2,0,0
1744890655995,2,GET All Cars,200,,Scenario 1 - Get All Cars 1-71,text,true,,174,178,1,1,http://localhost:8080/cars,2,0,0
1744890655997,1,GET All Cars,200,,Scenario 1 - Get All Cars 1-71,text,true,,174,178,1,1,http://localhost:8080/cars,1,0,0
1744890655998,1,GET All Cars,200,,Scenario 1 - Get All Cars 1-71,text,true,,174,178,1,1,http://localhost:8080/cars,1,0,0
1744890656088,5,GET All Cars,200,,Scenario 1 - Get All Cars 1-72,text,true,,174,178,1,1,http://localhost:8080/cars,5,0,1
1744890656094,1,GET All Cars,200,,Scenario 1 - Get All Cars 1-72,text,true,,174,178,1,1,http://localhost:8080/cars,1,0,0
1744890656095,1,GET All Cars,200,,Scenario 1 - Get All Cars 1-72,text,true,,174,178,1,1,http://localhost:8080/cars,1,0,0
1744890656096,0,GET All Cars,200,,Scenario 1 - Get All Cars 1-72,text,true,,174,178,1,1,http://localhost:8080/cars,0,0,0
1744890656096,1,GET All Cars,200,,Scenario 1 - Get All Cars 1-72,text,true,,174,178,1,1,http://localhost:8080/cars,1,0,0
1744890656186,2,GET All Cars,200,,Scenario 1 - Get All Cars 1-73,text,true,,174,178,1,1,http://localhost:8080/cars,2,0,1
1744890656188,1,GET All Cars,200,,Scenario 1 - Get All Cars 1-73,text,true,,174,178,1,1,http://localhost:8080/cars,1,0,0
1744890656190,1,GET All Cars,200,,Scenario 1 - Get All Cars 1-73,text,true,,174,178,1,1,http://localhost:8080/cars,1,0,0
1744890656191,1,GET All Cars,200,,Scenario 1 - Get All Cars 1-73,text,true,,174,178,1,1,http://localhost:8080/cars,1,0,0
1744890656192,1,GET All Cars,200,,Scenario 1 - Get All Cars 1-73,text,true,,174,178,1,1,http://localhost:8080/cars,1,0,0
1744890656283,3,GET All Cars,200,,Scenario 1 - Get All Cars 1-74,text,true,,174,178,1,1,http://localhost:8080/cars,3,0,1
1744890656286,1,GET All Cars,200,,Scenario 1 - Get All Cars 1-74,text,true,,174,178,1,1,http://localhost:8080/cars,1,0,0
1744890656287,1,GET All Cars,200,,Scenario 1 - Get All Cars 1-74,text,true,,174,178,1,1,http://localhost:8080/cars,1,0,0
1744890656288,1,GET All Cars,200,,Scenario 1 - Get All Cars 1-74,text,true,,174,178,1,1,http://localhost:8080/cars,1,0,0
1744890656289,1,GET All Cars,200,,Scenario 1 - Get All Cars 1-74,text,true,,174,178,1,1,http://localhost:8080/cars,1,0,0
1744890656388,2,GET All Cars,200,,Scenario 1 - Get All Cars 1-75,text,true,,174,178,1,1,http://localhost:8080/cars,2,0,1
1744890656390,2,GET All Cars,200,,Scenario 1 - Get All Cars 1-75,text,true,,174,178,1,1,http://localhost:8080/cars,2,0,0
1744890656393,0,GET All Cars,200,,Scenario 1 - Get All Cars 1-75,text,true,,174,178,1,1,http://localhost:8080/cars,0,0,0
1744890656394,1,GET All Cars,200,,Scenario 1 - Get All Cars 1-75,text,true,,174,178,1,1,http://localhost:8080/cars,1,0,0
1744890656395,1,GET All Cars,200,,Scenario 1 - Get All Cars 1-75,text,true,,174,178,1,1,http://localhost:8080/cars,1,0,0
1744890656485,3,GET All Cars,200,,Scenario 1 - Get All Cars 1-76,text,true,,174,178,1,1,http://localhost:8080/cars,3,0,1
1744890656489,0,GET All Cars,200,,Scenario 1 - Get All Cars 1-76,text,true,,174,178,1,1,http://localhost:8080/cars,0,0,0
1744890656490,0,GET All Cars,200,,Scenario 1 - Get All Cars 1-76,text,true,,174,178,1,1,http://localhost:8080/cars,0,0,0
1744890656490,1,GET All Cars,200,,Scenario 1 - Get All Cars 1-76,text,true,,174,178,1,1,http://localhost:8080/cars,1,0,0
1744890656491,1,GET All Cars,200,,Scenario 1 - Get All Cars 1-76,text,true,,174,178,1,1,http://localhost:8080/cars,1,0,0
1744890656590,3,GET All Cars,200,,Scenario 1 - Get All Cars 1-77,text,true,,174,178,1,1,http://localhost:8080/cars,3,0,1
1744890656593,1,GET All Cars,200,,Scenario 1 - Get All Cars 1-77,text,true,,174,178,1,1,http://localhost:8080/cars,1,0,0
1744890656594,1,GET All Cars,200,,Scenario 1 - Get All Cars 1-77,text,true,,174,178,1,1,http://localhost:8080/cars,1,0,0
1744890656595,1,GET All Cars,200,,Scenario 1 - Get All Cars 1-77,text,true,,174,178,1,1,http://localhost:8080/cars,1,0,0
1744890656596,1,GET All Cars,200,,Scenario 1 - Get All Cars 1-77,text,true,,174,178,1,1,http://localhost:8080/cars,1,0,0
1744890656689,5,GET All Cars,200,,Scenario 1 - Get All Cars 1-78,text,true,,174,178,1,1,http://localhost:8080/cars,5,0,1
1744890656695,1,GET All Cars,200,,Scenario 1 - Get All Cars 1-78,text,true,,174,178,1,1,http://localhost:8080/cars,1,0,0
1744890656696,1,GET All Cars,200,,Scenario 1 - Get All Cars 1-78,text,true,,174,178,1,1,http://localhost:8080/cars,1,0,0
1744890656697,1,GET All Cars,200,,Scenario 1 - Get All Cars 1-78,text,true,,174,178,1,1,http://localhost:8080/cars,1,0,0
1744890656698,1,GET All Cars,200,,Scenario 1 - Get All Cars 1-78,text,true,,174,178,1,1,http://localhost:8080/cars,1,0,0
1744890656790,4,GET All Cars,200,,Scenario 1 - Get All Cars 1-79,text,true,,174,178,1,1,http://localhost:8080/cars,4,0,2
1744890656795,2,GET All Cars,200,,Scenario 1 - Get All Cars 1-79,text,true,,174,178,1,1,http://localhost:8080/cars,2,0,0
1744890656797,1,GET All Cars,200,,Scenario 1 - Get All Cars 1-79,text,true,,174,178,1,1,http://localhost:8080/cars,1,0,0
1744890656798,1,GET All Cars,200,,Scenario 1 - Get All Cars 1-79,text,true,,174,178,1,1,http://localhost:8080/cars,1,0,0
1744890656799,1,GET All Cars,200,,Scenario 1 - Get All Cars 1-79,text,true,,174,178,1,1,http://localhost:8080/cars,1,0,0
1744890656889,3,GET All Cars,200,,Scenario 1 - Get All Cars 1-80,text,true,,174,178,1,1,http://localhost:8080/cars,3,0,1
1744890656892,1,GET All Cars,200,,Scenario 1 - Get All Cars 1-80,text,true,,174,178,1,1,http://localhost:8080/cars,1,0,0
1744890656894,1,GET All Cars,200,,Scenario 1 - Get All Cars 1-80,text,true,,174,178,1,1,http://localhost:8080/cars,1,0,0
1744890656895,1,GET All Cars,200,,Scenario 1 - Get All Cars 1-80,text,true,,174,178,1,1,http://localhost:8080/cars,1,0,0
1744890656896,2,GET All Cars,200,,Scenario 1 - Get All Cars 1-80,text,true,,174,178,1,1,http://localhost:8080/cars,2,0,0
1744890656988,3,GET All Cars,200,,Scenario 1 - Get All Cars 1-81,text,true,,174,178,1,1,http://localhost:8080/cars,3,0,1
1744890656991,2,GET All Cars,200,,Scenario 1 - Get All Cars 1-81,text,true,,174,178,1,1,http://localhost:8080/cars,1,0,0
1744890656993,2,GET All Cars,200,,Scenario 1 - Get All Cars 1-81,text,true,,174,178,1,1,http://localhost:8080/cars,2,0,0
1744890656995,1,GET All Cars,200,,Scenario 1 - Get All Cars 1-81,text,true,,174,178,1,1,http://localhost:8080/cars,1,0,0
1744890656996,1,GET All Cars,200,,Scenario 1 - Get All Cars 1-81,text,true,,174,178,1,1,http://localhost:8080/cars,1,0,0
1744890657086,1,GET All Cars,200,,Scenario 1 - Get All Cars 1-82,text,true,,174,178,1,1,http://localhost:8080/cars,1,0,1
1744890657087,1,GET All Cars,200,,Scenario 1 - Get All Cars 1-82,text,true,,174,178,1,1,http://localhost:8080/cars,1,0,0
1744890657088,1,GET All Cars,200,,Scenario 1 - Get All Cars 1-82,text,true,,174,178,1,1,http://localhost:8080/cars,1,0,0
1744890657089,0,GET All Cars,200,,Scenario 1 - Get All Cars 1-82,text,true,,174,178,1,1,http://localhost:8080/cars,0,0,0
1744890657089,1,GET All Cars,200,,Scenario 1 - Get All Cars 1-82,text,true,,174,178,1,1,http://localhost:8080/cars,1,0,0
1744890657187,1,GET All Cars,200,,Scenario 1 - Get All Cars 1-83,text,true,,174,178,1,1,http://localhost:8080/cars,1,0,0
1744890657188,1,GET All Cars,200,,Scenario 1 - Get All Cars 1-83,text,true,,174,178,1,1,http://localhost:8080/cars,1,0,0
1744890657189,0,GET All Cars,200,,Scenario 1 - Get All Cars 1-83,text,true,,174,178,1,1,http://localhost:8080/cars,0,0,0
1744890657190,0,GET All Cars,200,,Scenario 1 - Get All Cars 1-83,text,true,,174,178,1,1,http://localhost:8080/cars,0,0,0
1744890657190,1,GET All Cars,200,,Scenario 1 - Get All Cars 1-83,text,true,,174,178,1,1,http://localhost:8080/cars,1,0,0
1744890657289,4,GET All Cars,200,,Scenario 1 - Get All Cars 1-84,text,true,,174,178,1,1,http://localhost:8080/cars,4,0,1
1744890657293,2,GET All Cars,200,,Scenario 1 - Get All Cars 1-84,text,true,,174,178,1,1,http://localhost:8080/cars,2,0,0
1744890657295,1,GET All Cars,200,,Scenario 1 - Get All Cars 1-84,text,true,,174,178,1,1,http://localhost:8080/cars,1,0,0
1744890657296,0,GET All Cars,200,,Scenario 1 - Get All Cars 1-84,text,true,,174,178,1,1,http://localhost:8080/cars,0,0,0
1744890657296,1,GET All Cars,200,,Scenario 1 - Get All Cars 1-84,text,true,,174,178,1,1,http://localhost:8080/cars,1,0,0
1744890657388,3,GET All Cars,200,,Scenario 1 - Get All Cars 1-85,text,true,,174,178,1,1,http://localhost:8080/cars,3,0,1
1744890657391,1,GET All Cars,200,,Scenario 1 - Get All Cars 1-85,text,true,,174,178,1,1,http://localhost:8080/cars,1,0,0
1744890657393,0,GET All Cars,200,,Scenario 1 - Get All Cars 1-85,text,true,,174,178,1,1,http://localhost:8080/cars,0,0,0
1744890657394,1,GET All Cars,200,,Scenario 1 - Get All Cars 1-85,text,true,,174,178,1,1,http://localhost:8080/cars,1,0,0
1744890657395,1,GET All Cars,200,,Scenario 1 - Get All Cars 1-85,text,true,,174,178,1,1,http://localhost:8080/cars,1,0,0
1744890657488,3,GET All Cars,200,,Scenario 1 - Get All Cars 1-86,text,true,,174,178,1,1,http://localhost:8080/cars,3,0,1
1744890657492,2,GET All Cars,200,,Scenario 1 - Get All Cars 1-86,text,true,,174,178,1,1,http://localhost:8080/cars,1,0,0
1744890657494,0,GET All Cars,200,,Scenario 1 - Get All Cars 1-86,text,true,,174,178,1,1,http://localhost:8080/cars,0,0,0
1744890657494,1,GET All Cars,200,,Scenario 1 - Get All Cars 1-86,text,true,,174,178,1,1,http://localhost:8080/cars,1,0,0
1744890657495,1,GET All Cars,200,,Scenario 1 - Get All Cars 1-86,text,true,,174,178,1,1,http://localhost:8080/cars,1,0,0
1744890657590,2,GET All Cars,200,,Scenario 1 - Get All Cars 1-87,text,true,,174,178,1,1,http://localhost:8080/cars,2,0,1
1744890657594,1,GET All Cars,200,,Scenario 1 - Get All Cars 1-87,text,true,,174,178,1,1,http://localhost:8080/cars,1,0,0
1744890657597,0,GET All Cars,200,,Scenario 1 - Get All Cars 1-87,text,true,,174,178,1,1,http://localhost:8080/cars,0,0,0
1744890657597,1,GET All Cars,200,,Scenario 1 - Get All Cars 1-87,text,true,,174,178,1,1,http://localhost:8080/cars,1,0,0
1744890657598,1,GET All Cars,200,,Scenario 1 - Get All Cars 1-87,text,true,,174,178,1,1,http://localhost:8080/cars,1,0,0
1744890657689,3,GET All Cars,200,,Scenario 1 - Get All Cars 1-88,text,true,,174,178,1,1,http://localhost:8080/cars,3,0,2
1744890657693,1,GET All Cars,200,,Scenario 1 - Get All Cars 1-88,text,true,,174,178,1,1,http://localhost:8080/cars,1,0,0
1744890657694,1,GET All Cars,200,,Scenario 1 - Get All Cars 1-88,text,true,,174,178,1,1,http://localhost:8080/cars,1,0,0
1744890657695,1,GET All Cars,200,,Scenario 1 - Get All Cars 1-88,text,true,,174,178,1,1,http://localhost:8080/cars,1,0,0
1744890657696,1,GET All Cars,200,,Scenario 1 - Get All Cars 1-88,text,true,,174,178,1,1,http://localhost:8080/cars,1,0,0
1744890657788,3,GET All Cars,200,,Scenario 1 - Get All Cars 1-89,text,true,,174,178,1,1,http://localhost:8080/cars,3,0,2
1744890657792,0,GET All Cars,200,,Scenario 1 - Get All Cars 1-89,text,true,,174,178,1,1,http://localhost:8080/cars,0,0,0
1744890657794,1,GET All Cars,200,,Scenario 1 - Get All Cars 1-89,text,true,,174,178,1,1,http://localhost:8080/cars,1,0,0
1744890657795,1,GET All Cars,200,,Scenario 1 - Get All Cars 1-89,text,true,,174,178,1,1,http://localhost:8080/cars,1,0,0
1744890657796,0,GET All Cars,200,,Scenario 1 - Get All Cars 1-89,text,true,,174,178,1,1,http://localhost:8080/cars,0,0,0
1744890657888,4,GET All Cars,200,,Scenario 1 - Get All Cars 1-90,text,true,,174,178,1,1,http://localhost:8080/cars,4,0,2
1744890657892,1,GET All Cars,200,,Scenario 1 - Get All Cars 1-90,text,true,,174,178,1,1,http://localhost:8080/cars,1,0,0
1744890657893,1,GET All Cars,200,,Scenario 1 - Get All Cars 1-90,text,true,,174,178,1,1,http://localhost:8080/cars,1,0,0
1744890657895,1,GET All Cars,200,,Scenario 1 - Get All Cars 1-90,text,true,,174,178,1,1,http://localhost:8080/cars,1,0,0
1744890657896,1,GET All Cars,200,,Scenario 1 - Get All Cars 1-90,text,true,,174,178,1,1,http://localhost:8080/cars,1,0,0
1744890657986,2,GET All Cars,200,,Scenario 1 - Get All Cars 1-91,text,true,,174,178,1,1,http://localhost:8080/cars,2,0,1
1744890657989,0,GET All Cars,200,,Scenario 1 - Get All Cars 1-91,text,true,,174,178,1,1,http://localhost:8080/cars,0,0,0
1744890657989,1,GET All Cars,200,,Scenario 1 - Get All Cars 1-91,text,true,,174,178,1,1,http://localhost:8080/cars,1,0,0
1744890657990,0,GET All Cars,200,,Scenario 1 - Get All Cars 1-91,text,true,,174,178,1,1,http://localhost:8080/cars,0,0,0
1744890657991,0,GET All Cars,200,,Scenario 1 - Get All Cars 1-91,text,true,,174,178,1,1,http://localhost:8080/cars,0,0,0
1744890658082,1,GET All Cars,200,,Scenario 1 - Get All Cars 1-92,text,true,,174,178,1,1,http://localhost:8080/cars,1,0,1
1744890658084,0,GET All Cars,200,,Scenario 1 - Get All Cars 1-92,text,true,,174,178,1,1,http://localhost:8080/cars,0,0,0
1744890658084,1,GET All Cars,200,,Scenario 1 - Get All Cars 1-92,text,true,,174,178,1,1,http://localhost:8080/cars,1,0,0
1744890658085,0,GET All Cars,200,,Scenario 1 - Get All Cars 1-92,text,true,,174,178,1,1,http://localhost:8080/cars,0,0,0
1744890658085,0,GET All Cars,200,,Scenario 1 - Get All Cars 1-92,text,true,,174,178,1,1,http://localhost:8080/cars,0,0,0
1744890658185,2,GET All Cars,200,,Scenario 1 - Get All Cars 1-93,text,true,,174,178,1,1,http://localhost:8080/cars,2,0,1
1744890658187,0,GET All Cars,200,,Scenario 1 - Get All Cars 1-93,text,true,,174,178,1,1,http://localhost:8080/cars,0,0,0
1744890658188,0,GET All Cars,200,,Scenario 1 - Get All Cars 1-93,text,true,,174,178,1,1,http://localhost:8080/cars,0,0,0
1744890658188,0,GET All Cars,200,,Scenario 1 - Get All Cars 1-93,text,true,,174,178,1,1,http://localhost:8080/cars,0,0,0
1744890658188,1,GET All Cars,200,,Scenario 1 - Get All Cars 1-93,text,true,,174,178,1,1,http://localhost:8080/cars,1,0,0
1744890658289,3,GET All Cars,200,,Scenario 1 - Get All Cars 1-94,text,true,,174,178,1,1,http://localhost:8080/cars,3,0,1
1744890658293,0,GET All Cars,200,,Scenario 1 - Get All Cars 1-94,text,true,,174,178,1,1,http://localhost:8080/cars,0,0,0
1744890658294,1,GET All Cars,200,,Scenario 1 - Get All Cars 1-94,text,true,,174,178,1,1,http://localhost:8080/cars,1,0,0
1744890658295,1,GET All Cars,200,,Scenario 1 - Get All Cars 1-94,text,true,,174,178,1,1,http://localhost:8080/cars,1,0,0
1744890658296,1,GET All Cars,200,,Scenario 1 - Get All Cars 1-94,text,true,,174,178,1,1,http://localhost:8080/cars,1,0,0
1744890658388,3,GET All Cars,200,,Scenario 1 - Get All Cars 1-95,text,true,,174,178,1,1,http://localhost:8080/cars,3,0,2
1744890658392,2,GET All Cars,200,,Scenario 1 - Get All Cars 1-95,text,true,,174,178,1,1,http://localhost:8080/cars,1,0,0
1744890658394,1,GET All Cars,200,,Scenario 1 - Get All Cars 1-95,text,true,,174,178,1,1,http://localhost:8080/cars,1,0,0
1744890658395,1,GET All Cars,200,,Scenario 1 - Get All Cars 1-95,text,true,,174,178,1,1,http://localhost:8080/cars,1,0,0
1744890658396,0,GET All Cars,200,,Scenario 1 - Get All Cars 1-95,text,true,,174,178,1,1,http://localhost:8080/cars,0,0,0
1744890658494,3,GET All Cars,200,,Scenario 1 - Get All Cars 1-96,text,true,,174,178,1,1,http://localhost:8080/cars,3,0,1
1744890658498,0,GET All Cars,200,,Scenario 1 - Get All Cars 1-96,text,true,,174,178,1,1,http://localhost:8080/cars,0,0,0
1744890658499,0,GET All Cars,200,,Scenario 1 - Get All Cars 1-96,text,true,,174,178,1,1,http://localhost:8080/cars,0,0,0
1744890658499,1,GET All Cars,200,,Scenario 1 - Get All Cars 1-96,text,true,,174,178,1,1,http://localhost:8080/cars,1,0,0
1744890658500,0,GET All Cars,200,,Scenario 1 - Get All Cars 1-96,text,true,,174,178,1,1,http://localhost:8080/cars,0,0,0
1744890658589,3,GET All Cars,200,,Scenario 1 - Get All Cars 1-97,text,true,,174,178,1,1,http://localhost:8080/cars,3,0,1
1744890658592,1,GET All Cars,200,,Scenario 1 - Get All Cars 1-97,text,true,,174,178,1,1,http://localhost:8080/cars,1,0,0
1744890658593,2,GET All Cars,200,,Scenario 1 - Get All Cars 1-97,text,true,,174,178,1,1,http://localhost:8080/cars,2,0,0
1744890658595,1,GET All Cars,200,,Scenario 1 - Get All Cars 1-97,text,true,,174,178,1,1,http://localhost:8080/cars,1,0,0
1744890658596,1,GET All Cars,200,,Scenario 1 - Get All Cars 1-97,text,true,,174,178,1,1,http://localhost:8080/cars,1,0,0
1744890658688,4,GET All Cars,200,,Scenario 1 - Get All Cars 1-98,text,true,,174,178,1,1,http://localhost:8080/cars,4,0,1
1744890658693,1,GET All Cars,200,,Scenario 1 - Get All Cars 1-98,text,true,,174,178,1,1,http://localhost:8080/cars,1,0,0
1744890658694,1,GET All Cars,200,,Scenario 1 - Get All Cars 1-98,text,true,,174,178,1,1,http://localhost:8080/cars,1,0,0
1744890658695,1,GET All Cars,200,,Scenario 1 - Get All Cars 1-98,text,true,,174,178,1,1,http://localhost:8080/cars,1,0,0
1744890658696,1,GET All Cars,200,,Scenario 1 - Get All Cars 1-98,text,true,,174,178,1,1,http://localhost:8080/cars,1,0,0
1744890658788,3,GET All Cars,200,,Scenario 1 - Get All Cars 1-99,text,true,,174,178,1,1,http://localhost:8080/cars,3,0,2
1744890658792,0,GET All Cars,200,,Scenario 1 - Get All Cars 1-99,text,true,,174,178,1,1,http://localhost:8080/cars,0,0,0
1744890658793,1,GET All Cars,200,,Scenario 1 - Get All Cars 1-99,text,true,,174,178,1,1,http://localhost:8080/cars,1,0,0
1744890658794,1,GET All Cars,200,,Scenario 1 - Get All Cars 1-99,text,true,,174,178,1,1,http://localhost:8080/cars,1,0,0
1744890658795,1,GET All Cars,200,,Scenario 1 - Get All Cars 1-99,text,true,,174,178,1,1,http://localhost:8080/cars,1,0,0
1744890658889,3,GET All Cars,200,,Scenario 1 - Get All Cars 1-100,text,true,,174,178,1,1,http://localhost:8080/cars,3,0,1
1744890658893,1,GET All Cars,200,,Scenario 1 - Get All Cars 1-100,text,true,,174,178,1,1,http://localhost:8080/cars,1,0,0
1744890658894,1,GET All Cars,200,,Scenario 1 - Get All Cars 1-100,text,true,,174,178,1,1,http://localhost:8080/cars,1,0,0
1744890658895,1,GET All Cars,200,,Scenario 1 - Get All Cars 1-100,text,true,,174,178,1,1,http://localhost:8080/cars,1,0,0
1744890658896,1,GET All Cars,200,,Scenario 1 - Get All Cars 1-100,text,true,,174,178,1,1,http://localhost:8080/cars,1,0,0
